email_id,label
7454,1
8086,0
533,0
9953,1
7503,0
2244,1
8722,0
6697,1
9191,0
9005,0
8500,0
1953,0
2443,0
1662,1
4489,0
2998,1
5162,1
7117,1
5483,0
2887,1
5849,1
844,0
9734,1
8235,0
1294,1
7103,1
3255,0
6295,1
1172,1
7475,1
7322,1
1731,1
8,0
7392,0
1418,0
6474,0
4849,0
5801,0
3527,1
3129,1
8943,0
9752,1
9821,0
6674,1
5816,1
4889,0
7829,1
9325,0
373,1
9494,1
2938,0
8254,0
1588,1
812,1
8823,0
9607,0
2182,0
7699,1
3758,0
7427,1
2758,0
9117,0
9020,0
9880,0
9244,0
7085,0
8341,0
8854,0
9466,0
4049,1
9095,0
5692,0
1981,0
3345,1
1048,1
3943,1
5637,1
1426,1
4274,0
5477,1
6871,0
8968,0
364,1
5086,0
8008,1
2090,1
3301,0
3265,0
7257,1
9297,0
3338,1
8092,0
1509,1
7997,0
7540,0
3543,0
6232,0
475,0
6484,0
140,1
1107,0
3451,0
7484,0
4319,1
5394,0
3503,0
3279,0
3331,1
9137,0
8324,0
8106,0
7700,1
7615,0
4104,1
7917,0
7991,0
3460,0
1096,1
5533,1
8965,1
6626,1
5075,1
6405,1
5020,0
5240,0
7029,0
7913,0
5188,0
4488,0
7296,1
5897,1
6162,0
2561,0
1281,0
834,1
422,0
7215,1
9308,1
656,0
4646,0
4942,0
8362,0
7223,1
9178,1
5593,1
8243,1
947,1
613,0
6666,0
8584,1
679,1
4528,0
8880,1
7457,0
4784,0
8739,0
54,0
565,0
2785,1
1913,0
3731,1
5556,0
2176,0
4328,1
3744,1
8791,1
6891,1
1924,0
6398,0
6519,1
1652,0
8200,0
4428,0
8686,1
6373,0
3715,1
5374,1
1066,0
8093,0
4525,0
6643,0
3828,1
5603,1
2688,1
5,1
650,1
1282,1
4595,1
1268,0
9992,0
4900,0
5052,0
4270,1
5408,0
8637,0
9771,1
566,0
1534,0
7151,0
8288,1
3627,0
9273,1
2251,1
4689,1
9842,0
2161,1
2932,0
3724,1
5713,1
7304,0
5730,0
1419,0
3033,1
3103,0
9723,0
9906,1
7177,0
1368,1
4023,0
7774,0
943,1
6218,0
2565,1
2879,1
7521,1
3481,0
7902,1
5073,0
2584,1
6686,1
5294,1
9590,1
8268,1
1558,1
6059,0
8928,1
2818,1
8069,0
7326,1
4129,0
1058,1
2806,0
190,0
5643,0
1299,1
9561,1
7004,1
2823,0
1711,1
4677,0
6204,1
5348,0
5255,0
3354,0
209,0
7138,0
7769,0
8694,0
7865,1
1067,0
7211,1
3257,1
2945,0
5233,1
670,1
5157,0
8952,1
9837,0
6694,0
7226,0
5258,0
5173,1
355,1
8018,1
4102,0
303,1
4729,1
2834,1
2454,0
3631,1
5936,0
7434,0
2732,1
9548,1
6418,0
6598,0
9589,1
2491,1
956,1
9188,0
8790,0
2755,0
1743,1
8908,0
5680,0
9900,1
3036,1
3357,1
2731,1
4400,0
3753,1
5640,0
7139,0
6366,1
5848,0
9579,0
9720,0
5196,1
5644,0
7923,1
7901,1
3058,0
2943,0
2206,0
7807,1
5759,1
8526,1
1112,0
7222,1
1178,1
6750,0
8955,1
3443,0
5619,1
476,1
6290,0
394,0
3735,1
8177,0
8825,0
9337,1
6118,1
8483,1
1462,1
8826,0
6999,0
9209,0
4622,0
383,1
7967,0
3118,0
9632,0
6953,0
4025,1
378,0
8924,1
8103,1
7696,0
3740,1
1160,0
3607,0
6031,0
6387,0
3917,0
2432,1
5841,0
9897,1
3485,1
9301,0
6764,0
9292,0
5807,0
5375,0
9425,0
4331,1
6792,1
2126,1
2683,0
572,1
6514,1
4869,1
927,1
339,0
114,0
4014,0
3335,1
1747,1
4179,0
8143,0
1954,1
758,1
3442,1
6767,0
2227,1
9942,1
1528,1
1451,0
1790,1
9457,1
3538,1
6002,1
2538,1
8418,1
3824,0
5181,0
6843,1
7497,0
994,0
4190,0
2628,0
3324,0
5690,1
5798,1
6037,0
9058,1
3079,1
4233,1
6345,0
8863,1
5152,0
9972,0
1181,0
3595,1
259,0
1481,1
2601,1
580,1
919,1
401,0
6225,0
7995,1
4936,0
2198,0
9348,1
186,0
3433,0
2436,1
8687,0
1754,1
7828,0
8248,1
6594,1
7334,1
4871,0
7464,0
9622,0
9366,1
4885,1
9636,1
9790,0
5638,1
2809,1
7734,1
6201,0
4645,0
3001,0
6297,1
3952,0
3090,0
3483,0
2171,0
3387,0
9524,1
9993,1
4275,1
6348,0
4913,0
8724,0
165,1
799,0
786,0
1685,1
5647,1
935,1
6362,1
2214,0
6901,1
8765,0
2242,1
8413,1
2812,0
6115,1
1604,1
1005,0
2779,1
9079,0
3584,0
4834,0
889,1
275,0
4998,1
7191,0
5579,0
3685,0
1001,0
2595,1
5301,0
2837,0
3322,0
2121,0
9536,0
4634,1
7281,1
8515,0
3021,1
1544,1
4118,0
7135,1
967,1
4923,0
9194,0
5887,1
1920,0
5564,1
1623,0
9012,0
4630,0
4647,0
849,0
9112,1
5738,1
9126,0
4994,0
6370,0
2387,1
8994,0
557,0
6687,1
4501,0
6050,1
7853,1
6010,0
8603,0
4122,1
7877,0
5304,1
4552,0
803,0
6116,1
9540,0
3981,1
2715,0
9364,0
4538,1
508,1
5799,0
5541,1
5732,0
8021,1
8261,0
9365,1
8432,0
2109,0
267,0
4799,1
9883,1
6422,0
1106,1
3313,0
9941,0
6282,0
3180,1
5279,1
7592,1
4986,1
6105,0
1060,0
951,1
432,0
3581,1
3572,0
8203,0
7491,1
2632,0
377,0
985,0
7577,0
1021,0
7876,0
6906,0
272,0
9870,0
1935,0
6586,1
7802,0
4028,0
6246,0
9312,1
9053,1
3306,1
7332,1
310,1
665,1
4884,1
3915,1
9321,1
771,0
8222,1
9641,1
8998,1
4404,1
8403,1
9719,0
5925,0
890,0
2021,0
3095,1
1650,0
7447,0
6688,0
6165,0
8827,1
4640,1
462,1
4207,0
150,0
5230,1
8194,0
1194,1
9346,0
4036,0
9232,0
847,0
2808,1
9446,1
7645,0
5226,1
9995,1
7964,0
4712,1
5896,0
4235,1
7587,1
7825,1
6206,0
244,0
9951,1
7122,0
6412,1
3074,1
3901,1
5500,1
409,0
8862,0
8180,1
7843,0
2087,1
8188,0
5229,1
6271,0
2744,1
1957,1
6934,0
2875,1
4665,0
2373,1
8653,0
2705,1
5180,0
8285,1
2477,1
4965,1
9389,1
7471,1
5057,1
987,1
6527,1
4755,0
6288,0
4523,1
7928,0
9614,0
4876,0
5213,1
3022,0
7753,0
6753,0
2177,0
159,0
6957,1
9857,0
4133,1
2623,0
4588,0
5618,1
4252,0
2072,0
5437,0
9977,0
2314,0
3143,0
643,0
195,0
1497,0
2882,1
5199,1
1121,0
9625,1
2798,0
860,1
942,1
4041,1
8185,0
3082,0
6673,1
9922,1
5937,1
9663,1
1804,1
2333,0
7286,1
4035,1
9802,0
5512,0
6375,1
6721,0
4721,1
2093,1
2739,0
1162,1
88,0
2737,0
6476,1
3378,0
6723,0
3246,1
4720,0
1768,0
9229,0
5611,1
2652,1
5343,1
1967,1
8744,1
1775,0
2466,1
9954,1
5885,0
7031,0
8159,1
8078,1
6536,0
4519,0
3122,0
410,1
1447,1
6781,1
3156,1
7578,1
6606,1
2826,1
4232,1
7111,0
7668,0
5610,1
4316,1
6089,1
3230,1
8974,0
4833,0
5149,0
3330,0
6044,0
7426,0
9562,0
3217,0
4591,0
1240,0
8174,0
6708,0
1238,0
6691,0
2670,1
939,1
4285,0
7336,0
1338,0
1956,0
5981,0
1614,1
3677,1
4578,1
429,0
6298,1
7066,1
2125,0
188,1
5725,0
9859,0
8969,1
1415,1
8496,0
5794,1
841,0
1833,1
8336,0
5890,0
8953,0
1316,0
7089,0
3053,1
3918,0
9480,1
7413,0
3504,1
4818,1
7045,0
7905,0
2541,1
438,0
8009,0
3361,1
6806,0
2340,0
5492,1
6735,0
1713,0
7339,0
3162,1
5652,0
4890,0
8446,1
5055,1
9461,0
8957,0
427,1
9867,0
5761,1
9370,0
1286,0
346,0
5540,0
6214,1
3016,1
6294,0
3880,0
3309,0
2738,0
1931,0
4579,0
105,1
7524,0
5344,0
3860,0
7063,0
3388,1
8916,0
1995,1
4363,0
4553,1
8155,1
4536,1
5806,1
1518,1
1695,0
8253,1
4812,1
7180,1
2629,0
8975,0
9014,0
4797,1
5260,0
4504,1
172,1
9198,1
904,0
9952,0
2915,1
8290,1
2558,0
3791,0
2301,0
8885,1
766,0
3690,1
9564,1
7175,1
8805,0
8597,0
5523,0
1656,0
2286,0
7580,1
6540,1
4308,1
4880,1
4867,0
2178,1
2513,0
2819,0
8732,0
1388,1
6326,1
9208,0
2858,0
4814,1
4558,1
4725,1
8788,1
3421,0
1624,0
6117,1
5946,0
108,0
6463,1
8672,1
2267,0
3412,1
3353,0
2124,1
8402,0
9402,1
2581,0
6391,1
6324,1
8119,0
5557,0
9543,0
1435,0
8404,0
4311,1
5918,0
6706,0
5298,0
4193,0
8580,1
207,0
3768,0
330,1
6967,1
4670,1
1207,0
3418,1
7402,0
2414,1
2885,0
5176,1
7962,1
2319,0
5522,0
9537,1
1227,0
7206,0
3570,0
729,1
6494,1
5318,1
5697,1
3291,0
1434,1
5297,0
5847,1
9272,0
5682,0
5465,0
1805,0
3561,0
4659,1
8482,1
4306,1
3273,1
3931,0
1591,0
2718,0
3602,0
2845,0
4668,0
5795,0
7290,1
5357,0
1200,0
6789,1
5286,0
8264,0
3633,0
5873,0
9959,0
9997,1
7527,1
5561,0
4790,1
5443,0
2204,0
25,0
1117,0
6468,1
705,0
6711,0
6230,1
1932,0
5903,1
4584,0
7330,1
5019,1
6316,0
15,1
2259,1
2299,1
4693,1
5812,0
7819,1
7900,0
3660,1
5861,1
3759,0
829,1
4989,1
1533,0
6454,0
1679,0
6918,0
537,0
5421,1
2080,0
8050,1
6973,0
6331,0
5765,0
4187,0
232,0
900,0
736,1
1499,0
7739,0
9179,1
1745,0
6251,0
8700,0
6916,0
8029,1
9279,1
3696,1
7630,0
3312,1
9284,1
9929,1
8028,1
4395,0
2685,0
8734,1
5256,0
3924,1
9372,1
1780,0
9439,0
2900,1
2682,0
1226,1
5818,1
3997,0
6238,0
6252,1
3064,0
2467,1
644,1
3057,0
7648,1
6022,1
5570,1
8556,1
418,1
4040,1
5491,0
6427,1
8634,1
6413,1
3417,1
1633,1
7048,1
8426,0
2964,1
5726,0
1504,0
1357,0
6123,1
5369,1
7628,0
4387,1
7019,1
9324,1
3184,0
9173,1
7280,0
9835,1
5058,1
2155,0
9739,1
1578,0
6136,1
8447,1
5200,0
4935,0
4309,1
6107,0
1826,1
4628,0
8541,0
6700,0
8509,0
9435,1
5063,0
7455,1
4375,1
5419,1
8945,1
5322,1
7618,0
6984,1
3,1
8213,0
9456,0
9594,0
5681,0
2680,1
9280,1
6923,0
2496,1
3807,1
331,0
8440,0
498,0
9557,0
3722,0
90,0
9556,0
6771,1
6987,0
629,0
9318,0
1223,1
5309,1
1784,1
2094,1
6809,0
3692,1
278,1
9633,1
9555,0
8673,0
2478,1
9810,1
9344,1
1224,1
2890,1
2055,0
1011,1
4239,1
4594,0
1101,0
5786,0
1163,1
6946,0
3268,0
5306,0
156,0
5728,1
635,1
2631,0
4966,1
436,0
9908,0
6859,0
1342,1
6785,0
6483,1
2940,1
1992,0
6800,0
2254,0
5683,1
8521,1
4018,1
7276,0
2833,0
1329,0
2522,1
888,0
7001,0
2451,0
9277,0
4642,1
4768,0
6995,0
7959,0
8804,0
4009,1
4738,0
9075,0
3726,1
2265,1
7711,0
552,1
3801,1
9532,1
5582,1
6334,0
6850,1
7590,1
6380,1
7882,1
2067,1
6896,1
1278,0
6299,0
7961,1
8417,0
6883,0
4317,0
794,1
4787,0
1091,0
2011,0
298,1
6409,0
8421,0
7361,1
8647,0
4478,1
73,1
8074,1
1619,0
7933,0
3852,0
5349,1
7727,1
1727,1
4968,0
2514,0
5446,1
2486,1
2273,0
1486,1
3803,1
4745,0
9894,0
5623,0
8559,1
6955,1
1193,0
3577,0
5454,1
2956,1
4611,1
7379,0
4360,1
7698,0
4651,0
3760,0
8165,0
2279,1
3980,1
8590,0
3189,1
2028,0
199,1
7542,0
564,1
4641,1
4467,1
238,0
9879,0
4837,1
6351,0
1288,1
655,1
5558,1
5996,1
9309,0
9509,1
9124,1
9774,0
600,0
7500,0
6471,0
4597,1
8388,1
5436,1
3347,1
1412,0
3178,0
6815,1
4830,1
5560,1
7762,1
3849,0
1761,0
3054,1
5175,0
9345,1
4178,0
1383,0
9809,1
876,0
7758,0
1944,1
9693,1
2433,1
4314,0
2248,1
6,0
2872,0
3835,0
1372,0
6872,0
1114,0
215,1
317,1
8817,1
6835,1
5817,0
3051,0
1429,1
5007,1
5100,1
9147,1
1865,0
7597,1
5912,0
2498,0
4795,1
1197,0
8709,0
3002,1
222,1
675,1
3292,1
8820,1
3311,1
7548,1
545,0
1882,1
2753,0
9241,1
4221,0
6596,0
2917,1
2559,0
8670,1
3414,0
9151,1
7179,1
877,1
9478,1
2653,0
1797,0
3682,0
1280,0
2711,0
7194,0
5136,1
4781,0
8201,0
7377,0
7930,0
4446,0
3171,0
7294,0
4939,0
2583,0
8695,0
8785,0
9269,0
7899,0
8587,0
9099,0
2556,0
4029,1
1376,0
4608,1
6175,1
791,1
1263,1
4590,1
7989,0
3455,1
6079,0
3334,1
9681,1
5909,0
318,0
5721,0
3062,0
6522,0
3986,0
8714,0
7079,0
2576,0
1589,0
4906,0
3611,1
7729,1
3672,1
6888,1
445,1
5866,0
1461,0
1899,0
3290,0
472,1
3875,0
3030,0
7904,1
3434,1
3042,0
1258,0
5030,0
319,0
4074,0
3853,1
5515,1
1437,1
6168,0
4904,1
6928,0
3576,0
5609,0
7880,1
3870,1
5780,1
3676,0
905,1
7351,0
8570,0
974,1
9342,0
1717,1
7653,0
9967,1
3562,1
5287,0
4715,0
9597,0
3806,0
4901,0
9850,0
6517,1
1307,0
986,1
6337,0
8300,1
2902,0
4493,0
5574,1
3470,0
6813,1
5696,1
5684,0
1599,0
7254,1
8720,0
8071,0
6260,1
7914,0
4767,0
5804,1
8972,0
9791,1
5497,1
8573,1
5530,0
4678,1
8004,0
9394,1
3462,0
4589,1
7238,0
923,0
7389,0
6943,1
1537,1
4502,0
907,0
1339,0
5473,0
6657,0
5763,0
4090,1
9804,0
6377,1
4500,1
5376,0
6650,1
2261,1
3425,1
3110,0
5974,0
1209,0
4223,1
6616,0
3622,1
8618,1
693,0
6988,0
3621,0
4142,0
8598,1
6423,1
1374,0
9989,0
4024,1
6935,0
8753,1
9603,1
4757,0
9969,0
3961,1
2033,0
546,0
8976,0
1185,0
4414,0
669,0
9240,0
785,0
1536,1
2791,0
1796,1
352,1
4105,0
4160,1
9046,0
8520,0
7382,0
7969,1
7924,0
5605,1
3342,0
7073,1
5455,1
1356,0
965,0
1055,0
1411,0
3693,0
2110,0
419,0
3192,1
5238,0
7973,0
4055,0
1593,0
2810,1
8079,1
5221,0
3452,0
6513,0
9187,0
7159,0
7488,0
1222,1
732,1
1767,1
5253,1
6190,0
5573,1
336,1
8000,0
962,0
1406,1
6974,0
1103,1
1149,1
4170,1
7720,1
3458,1
737,0
5868,1
1541,0
7735,1
608,0
1917,0
7431,1
6579,0
6822,0
1129,1
4836,0
4297,0
8005,0
3641,1
3448,1
6552,1
1100,1
8810,1
6744,0
8659,0
7879,0
1642,0
9263,0
3109,0
7499,1
358,1
9358,1
7897,0
1365,1
4204,0
9097,0
2784,1
2231,0
4669,0
5314,1
9885,1
6009,0
707,0
9438,0
4598,0
8892,1
7912,1
5754,1
6549,1
1892,1
8713,1
8252,0
8646,1
7451,1
7137,0
8547,1
3810,0
5341,0
6941,0
6272,0
3285,0
4944,0
2458,1
3235,0
7492,1
6353,1
4656,0
4607,1
3772,0
8691,0
7878,1
6431,0
7972,0
9462,0
9313,0
3229,1
1867,0
4978,1
7359,1
1033,1
4149,1
3537,0
9329,0
89,0
9239,0
2136,0
4972,0
5116,0
3429,1
2572,1
6699,0
9331,1
1988,1
8382,1
1283,1
1467,1
2708,1
5836,0
4408,1
8776,0
9421,0
4581,1
1465,0
1380,0
9736,1
4854,1
379,0
7785,0
2097,0
5033,1
4251,1
9640,1
7095,0
6039,0
9994,1
3698,1
2150,0
1369,1
3844,0
3970,0
2928,1
5641,1
9059,0
2560,1
9445,0
7818,1
3431,1
3212,1
8042,1
9149,0
4276,1
7147,0
3617,0
7749,1
5126,0
6819,1
4141,0
2901,1
4718,0
8903,1
4369,0
5636,0
5666,0
2468,0
5505,1
8625,1
7936,1
8179,1
2671,0
5059,0
1582,1
9545,0
8384,1
5822,0
5475,1
4707,0
2471,0
9356,0
5717,1
3098,1
9390,0
1631,0
6547,0
4229,0
6183,1
5792,0
1550,1
5427,0
2338,0
8878,1
7675,0
6506,1
5282,0
8134,0
2822,1
1879,0
3337,1
7481,0
3604,1
9133,0
1141,0
7309,0
9618,1
1753,1
340,0
4200,0
6986,1
5597,1
189,1
4988,1
9392,0
465,0
7014,0
6386,0
1918,0
9757,1
3999,0
1423,0
8142,0
9687,0
3012,0
2187,0
7456,0
6842,0
4922,0
8967,0
8651,1
153,1
9654,0
8621,0
8263,0
3862,0
5351,1
5915,0
9092,1
4396,0
2445,0
1371,0
2066,1
8137,0
2633,0
590,1
9907,1
3674,0
8641,1
2353,1
8881,0
3821,0
6265,0
8303,0
4570,0
8912,1
7023,1
8683,0
1075,1
7378,1
320,1
9675,0
2805,0
1869,0
7184,0
3400,0
1779,0
8960,1
4366,0
6342,0
9931,1
9128,0
5838,0
5177,0
8576,1
573,0
9062,0
3583,0
526,0
5572,1
2959,0
8370,1
2742,0
4664,1
5031,1
9057,0
2730,0
8220,1
7340,0
484,1
7884,1
9113,0
9049,1
2411,0
8549,0
5724,1
4322,1
4199,1
7559,1
7799,0
602,1
8387,1
9583,1
9777,1
3712,0
4546,1
3399,1
4353,1
1686,0
7963,1
3729,0
2838,1
8758,0
163,1
7895,1
5823,0
7059,1
9302,0
2162,0
7890,0
5115,0
9351,1
1705,0
3691,0
8831,0
870,0
4027,0
8666,0
2027,1
2503,0
7284,1
7746,1
6975,1
1322,0
5262,0
7864,1
4587,0
8381,1
1647,0
7152,1
9958,0
7695,1
5663,0
3047,0
4472,1
4950,0
2745,1
8065,0
827,1
250,0
9088,1
8616,1
4205,1
5803,0
9863,1
9252,1
7775,1
5210,1
1116,1
2564,0
3410,1
4995,0
3106,1
7494,0
3105,1
5164,0
5005,0
4821,0
8780,0
2169,0
3635,0
9247,1
4602,1
3214,0
8660,0
5130,1
8591,1
5959,1
7317,0
6998,0
6759,0
497,1
2014,0
3350,0
1770,1
1295,0
9245,0
2452,0
5886,0
5942,1
7036,0
9264,0
125,0
7357,1
4407,1
4093,0
4415,1
8811,0
4121,0
6015,1
8166,1
7398,1
211,0
5002,1
8934,0
2727,0
5316,1
5689,0
6780,0
8489,0
2912,0
3234,0
4650,1
1051,0
9248,1
4304,0
4389,1
2687,1
6459,1
5856,1
1000,1
6566,0
7489,0
3086,0
2032,1
4273,0
4888,1
7563,0
5158,0
1725,0
6930,1
1508,0
280,0
7017,0
2240,1
1553,0
5882,0
6004,0
4547,0
5844,1
8465,0
6561,0
8842,1
1215,0
4728,1
9050,1
8703,0
1803,0
4724,1
2647,0
3620,0
8144,1
1174,1
8883,0
7585,0
3498,0
8409,0
71,1
1902,1
7370,1
8257,0
5902,1
3971,0
5009,1
5390,0
208,0
8389,0
795,0
2985,0
8506,1
3573,0
9002,0
8091,1
